{"eval_loss": 0.39255452156066895, "eval_accuracy": 0.8915870785713196, "eval_runtime": 129.0053, "eval_samples_per_second": 76.291, "eval_steps_per_second": 9.542}