{"eval_loss": 1.1504688262939453, "eval_accuracy": 0.7200000286102295, "eval_runtime": 1.7698, "eval_samples_per_second": 56.503, "eval_steps_per_second": 7.345}