{"eval_loss": 1.0232654632135345, "eval_accuracy": 0.7600000078353480, "eval_runtime": 1.7639, "eval_samples_per_second": 56.692, "eval_steps_per_second": 7.37}