{"eval_loss": 0.6964525580406189, "eval_accuracy": 0.8282869458198547, "eval_runtime": 130.9833, "eval_samples_per_second": 75.139, "eval_steps_per_second": 9.398}